{"initial_reset_timestamp": 1599208819.3057346, "timestamps": [1599208823.4140992, 1599208826.9374669, 1599208829.8922417, 1599208834.8871243, 1599208839.4941394, 1599208844.9494514, 1599208848.9806519, 1599208857.7549498, 1599208868.9476235, 1599208878.1812522, 1599208885.0214276, 1599208897.046318, 1599208906.4860923, 1599208930.0775738, 1599208944.4485092, 1599208963.7602649, 1599208975.596307, 1599208997.5752983, 1599209009.373589, 1599209026.4410217, 1599209039.8097677, 1599209051.532491, 1599209073.148761, 1599209086.0631056, 1599209100.046954, 1599209111.3593662, 1599209125.8846848, 1599209152.5941408, 1599209160.698201, 1599209175.78464, 1599209187.2977405, 1599209194.696394, 1599209210.226752, 1599209218.0829885, 1599209225.8869328, 1599209242.2273762, 1599209255.083641, 1599209265.655148, 1599209276.167119, 1599209292.1787395, 1599209301.6447635, 1599209309.8281915, 1599209317.8198855, 1599209341.7657814, 1599209349.49467, 1599209366.2803516, 1599209381.515622, 1599209391.204575, 1599209401.873002, 1599209412.8425379, 1599209420.5596395, 1599209425.8357413, 1599209439.7962763, 1599209454.2056618, 1599209465.6688423, 1599209479.0126681, 1599209488.4343252, 1599209501.449075, 1599209507.6111517, 1599209514.730511, 1599209530.678566, 1599209545.4490228, 1599209570.7423902, 1599209582.9790869, 1599209592.6811209, 1599209608.521738, 1599209619.6512704, 1599209640.1547308, 1599209647.6212783, 1599209661.548755, 1599209679.3255699, 1599209697.7660496, 1599209706.6666422, 1599209724.21772, 1599209732.5375347, 1599209751.8199227, 1599209762.2541547, 1599209778.064357, 1599209794.0746245, 1599209807.9433517, 1599209820.140056, 1599209829.1809638, 1599209839.1025767, 1599209851.756016, 1599209867.6749792, 1599209877.6098306, 1599209896.2711432, 1599209915.7195282, 1599209928.2090638, 1599209940.9423277, 1599209962.7259588, 1599209980.9591768, 1599209992.2436926, 1599210004.6941454, 1599210024.735011, 1599210036.007745, 1599210045.3098934, 1599210067.5215998, 1599210085.7520397, 1599210097.9358778, 1599210112.9605668, 1599210121.3742888, 1599210135.2916007, 1599210147.705931, 1599210156.4073896, 1599210169.8034022, 1599210191.6766534, 1599210204.2992053, 1599210214.9729846, 1599210222.0641198, 1599210232.556426, 1599210240.090676, 1599210251.672081, 1599210263.8189435, 1599210271.3112426, 1599210303.2472577, 1599210317.403385, 1599210323.499484, 1599210330.6097221, 1599210339.1237435, 1599210354.289111, 1599210368.3937438, 1599210393.6410582, 1599210407.3692079, 1599210422.32244, 1599210430.2883208, 1599210442.7455823, 1599210455.7137911, 1599210476.889738, 1599210484.2463162, 1599210489.546816, 1599210499.1490934, 1599210513.7526948, 1599210524.9505363, 1599210535.801095, 1599210558.9787748, 1599210567.4625397, 1599210582.961382, 1599210589.8376138, 1599210609.6650848, 1599210626.6402287, 1599210650.5331185, 1599210665.290792, 1599210677.6371222, 1599210700.1525636, 1599210712.7773614, 1599210723.6081226, 1599210733.3101585, 1599210744.3391242, 1599210755.1536665, 1599210769.0388496, 1599210784.1628618, 1599210803.7738442, 1599210818.551719, 1599210830.3174014, 1599210841.3508782, 1599210854.6085882, 1599210861.290783, 1599210875.963781, 1599210890.6624284, 1599210899.188408, 1599210912.244282, 1599210924.487554, 1599210937.3977594, 1599210946.8407583, 1599210957.7673972, 1599210965.3461585, 1599210977.0875738, 1599210992.478763, 1599211006.6102586, 1599211021.5329206, 1599211031.6609292, 1599211046.8797865, 1599211065.9927146, 1599211075.6423523, 1599211091.3806436, 1599211110.6669037, 1599211129.9752924, 1599211140.6588519, 1599211174.7550313, 1599211197.349437, 1599211205.5093732, 1599211216.0066571, 1599211234.761185, 1599211254.8173666, 1599211267.3493974, 1599211277.2579174, 1599211290.8041756, 1599211321.467794, 1599211332.0318167, 1599211341.4620166, 1599211362.0671132, 1599211378.8439732, 1599211400.7688763, 1599211417.7454953, 1599211432.7130413, 1599211444.7410858, 1599211456.4942064, 1599211470.934256, 1599211478.165663, 1599211492.2422135, 1599211506.1100175, 1599211513.2873316, 1599211525.6976447, 1599211546.110182, 1599211562.2134523, 1599211583.7528946, 1599211597.2606604, 1599211615.2694228, 1599211629.1227837, 1599211640.3935547, 1599211650.4774253, 1599211658.9450023, 1599211668.26203, 1599211679.7290847, 1599211691.251252, 1599211709.1121268, 1599211734.5581129, 1599211746.2565436, 1599211760.1481247, 1599211777.735511, 1599211786.4807515, 1599211799.2454264, 1599211808.3868334, 1599211825.5000734, 1599211837.826993, 1599211852.6219387, 1599211876.5706146, 1599211893.9611664, 1599211911.8625994, 1599211924.229475, 1599211939.970693, 1599211954.3816087, 1599211972.5264738, 1599211979.425526, 1599211990.7785358, 1599212002.7480419, 1599212013.6200895, 1599212030.4729223, 1599212039.931954, 1599212050.5448313, 1599212060.2431347, 1599212072.7858975, 1599212090.4878364, 1599212108.4781373, 1599212120.215285, 1599212141.5222032, 1599212157.2316258, 1599212170.107162, 1599212184.4724364, 1599212200.4996672, 1599212211.238963, 1599212222.9042683, 1599212231.3511155, 1599212245.3062856, 1599212258.4675708, 1599212271.2181847, 1599212278.031162, 1599212303.5558345, 1599212312.4341316, 1599212321.5185933, 1599212329.5955877, 1599212341.4827843, 1599212350.3259254, 1599212360.5036805, 1599212368.962175, 1599212386.7113738, 1599212403.501535, 1599212412.392947, 1599212423.7257123, 1599212437.4525738, 1599212458.7226212, 1599212471.1310225, 1599212487.672214, 1599212493.1810784, 1599212508.3007903, 1599212516.130021, 1599212526.4709623, 1599212540.072373, 1599212575.964562, 1599212584.6990323, 1599212603.23151, 1599212620.6173778, 1599212628.437004, 1599212647.1960213, 1599212656.7799501, 1599212678.3678327, 1599212694.8630867, 1599212711.5050223, 1599212736.038985, 1599212751.7555118, 1599212763.3405914, 1599212778.7757883, 1599212789.8425949, 1599212801.501694, 1599212812.8075998, 1599212822.7080534, 1599212847.611215, 1599212853.7955408, 1599212869.9460316, 1599212891.318895, 1599212898.8015003, 1599212909.5879698, 1599212923.3950396, 1599212935.2044516, 1599212945.3872151, 1599212956.846563, 1599212970.1499803, 1599212987.9044893, 1599212996.2960448, 1599213007.4502091, 1599213018.7222018, 1599213033.6772008, 1599213042.9803162, 1599213051.4596362, 1599213069.5033731, 1599213081.664843, 1599213095.2335496, 1599213115.1931632, 1599213126.4709964, 1599213134.8904753, 1599213147.902671, 1599213155.450482, 1599213169.4749687, 1599213177.5882676, 1599213189.011712, 1599213198.6040545, 1599213212.9407067, 1599213227.0120685, 1599213235.578158, 1599213248.481642, 1599213264.093883, 1599213273.2563756, 1599213287.7087188, 1599213297.8406174, 1599213327.9091911, 1599213335.7841272, 1599213348.364476, 1599213359.1117291, 1599213368.7210276, 1599213385.4762094, 1599213394.8461473, 1599213403.3135, 1599213416.1870646, 1599213427.6583807, 1599213441.4744263, 1599213457.4317434, 1599213464.724237, 1599213469.2461424, 1599213484.3397963, 1599213502.5800068, 1599213516.2085552, 1599213532.1738515, 1599213548.2877486, 1599213557.9608748, 1599213573.8930304, 1599213595.5112066, 1599213605.4964972, 1599213618.1606238, 1599213629.929145, 1599213654.929276, 1599213668.9278314, 1599213685.516461, 1599213709.5810924, 1599213726.7302222, 1599213735.355152, 1599213750.8008382, 1599213771.3638358, 1599213788.504988, 1599213806.5886173, 1599213822.5798435, 1599213835.7057345, 1599213859.1859305, 1599213877.775208, 1599213898.34419, 1599213912.4444747, 1599213921.4483902, 1599213938.103841, 1599213947.8677247, 1599213965.8955038, 1599213980.9811528, 1599214002.5315094, 1599214018.541686, 1599214035.2779198, 1599214045.67112, 1599214060.3408818, 1599214077.939808, 1599214107.5156987, 1599214129.5507593, 1599214154.5548787, 1599214173.3266678, 1599214187.3541462, 1599214228.2766876, 1599214239.9145582, 1599214253.2778144, 1599214282.4866867, 1599214303.3638444, 1599214317.1878684, 1599214339.9380164, 1599214352.1064682, 1599214367.9131885, 1599214384.5526812, 